{
    "vertices":[[0.652935922,0,0.403536499],[0.62247467,-0.384710521,0.23776412],[0.769421041,0,0],[0.403536499,-0.652935922,0],[0.62247467,-0.384710521,-0.23776412],[0.652935922,0,-0.403536499],[0.62247467,0.384710521,-0.23776412],[0.403536499,0.652935922,0],[0.62247467,0.384710521,0.23776412],[0.384710521,-0.23776412,-0.62247467],[0.384710521,0.23776412,-0.62247467],[0,-0.403536499,-0.652935922],[0,0,-0.769421041],[0,0.403536499,-0.652935922],[0.23776412,0.62247467,-0.384710521],[0.23776412,-0.62247467,-0.384710521],[0,-0.403536499,0.652935922],[0.384710521,-0.23776412,0.62247467],[0,0,0.769421041],[0.384710521,0.23776412,0.62247467],[0,0.403536499,0.652935922],[0.23776412,-0.62247467,0.384710521],[0.23776412,0.62247467,0.384710521],[-0.652935922,0,-0.403536499],[-0.62247467,-0.384710521,-0.23776412],[-0.769421041,0,0],[-0.403536499,-0.652935922,0],[-0.62247467,-0.384710521,0.23776412],[-0.652935922,0,0.403536499],[-0.62247467,0.384710521,0.23776412],[-0.403536499,0.652935922,0],[-0.62247467,0.384710521,-0.23776412],[-0.384710521,-0.23776412,0.62247467],[-0.384710521,0.23776412,0.62247467],[-0.23776412,-0.62247467,0.384710521],[-0.23776412,0.62247467,0.384710521],[-0.384710521,0.23776412,-0.62247467],[-0.384710521,-0.23776412,-0.62247467],[-0.23776412,0.62247467,-0.384710521],[-0.23776412,-0.62247467,-0.384710521],[0,-0.769421041,0],[0,0.769421041,0]],
    "faces":[[0,1,2],[1,3,4],[2,4,5],[4,2,1],[5,6,2],[6,7,8],[2,8,0],[8,2,6],[5,9,10],[10,12,13],[12,10,9],[5,10,6],[10,13,14],[6,14,7],[14,6,10],[5,4,9],[4,3,15],[9,15,11],[15,9,4],[16,17,18],[17,0,19],[18,19,20],[19,18,17],[3,1,21],[1,0,17],[21,17,16],[17,21,1],[0,8,19],[8,7,22],[19,22,20],[22,19,8],[23,24,25],[24,26,27],[25,27,28],[27,25,24],[28,29,25],[29,30,31],[25,31,23],[31,25,29],[16,18,32],[18,20,33],[32,33,28],[33,32,18],[28,27,32],[27,26,34],[32,34,16],[34,32,27],[20,35,33],[35,30,29],[33,29,28],[29,33,35],[13,12,36],[12,11,37],[36,37,23],[37,36,12],[23,31,36],[31,30,38],[36,38,13],[38,36,31],[23,37,24],[37,11,39],[24,39,26],[39,24,37],[16,34,21],[34,26,40],[21,40,3],[40,21,34],[20,22,35],[22,7,41],[35,41,30],[41,35,22],[13,38,14],[38,30,41],[14,41,7],[41,14,38],[11,15,39],[15,3,40],[39,40,26],[40,39,15]]
}